id,student_id,timestamp,code,error_type,error_message,predicted_concept,confidence,signals
1,S_TEST,2026-09-13 18:54:20,x = 5 / 0,ZeroDivisionError,ZeroDivisionError: division by zero,Arithmetic Operations,95.0,Zero division operator
2,S_TEST,2026-09-13 18:54:58,x = 5 / 0,ZeroDivisionError,ZeroDivisionError: division by zero,Arithmetic Operations,95.0,Zero division operator
3,S_TEST,2026-09-13 18:54:58,"lst = [10]
print(lst[2])",IndexError,IndexError: list index out of range,List Indexing,100.0,Error Type: IndexError; Bracket Indexing Operator `[]` detected in code; 2 previous total errors recorded for student; Recurring error pattern detected (2 previous instances)
4,S_TEST,2026-09-13 18:54:58,"d = {}
print(d['user'])",KeyError,KeyError: 'user',Dictionary Lookup,93.5,Error Type: KeyError; Bracket Indexing Operator `[]` detected in code; Dictionary Literal `{}` detected in code; 3 previous total errors recorded for student; Recurring error pattern detected (2 previous instances)
5,S_TEST,2026-09-13 18:54:58,msg = 'val' + 5,TypeError,"TypeError: can only concatenate str (not ""int"") to str",Type Compatibility & Casting,93.45273109243696,Error Type: TypeError; 4 previous total errors recorded for student; Recurring error pattern detected (2 previous instances)
6,S_TEST,2026-09-13 18:54:59,print(x),NameError,NameError: name 'x' is not defined,Variable Scope & Naming,100.0,Error Type: NameError; 5 previous total errors recorded for student; Recurring error pattern detected (2 previous instances)
7,S_TEST,2026-09-13 18:54:59,num = int('abc'),ValueError,ValueError: invalid literal for int() with base 10: 'abc',Value & Argument Constraints,91.06224976004387,Error Type: ValueError; 6 previous total errors recorded for student; Recurring error pattern detected (2 previous instances)
8,S_TEST,2026-09-13 18:54:59,"if x == 5
 pass",SyntaxError,SyntaxError: invalid syntax,Syntax & Formatting Rules,97.95059523809523,Error Type: SyntaxError; 7 previous total errors recorded for student; Recurring error pattern detected (2 previous instances)
9,S_TEST,2026-09-13 18:54:59,"def foo():
pass",IndentationError,IndentationError: expected an indented block,Code Block Indentation,98.0,Error Type: IndentationError; 8 previous total errors recorded for student; Recurring error pattern detected (2 previous instances)
10,S_TEST,2026-09-13 18:54:59,"lst = []
lst.strip()",AttributeError,AttributeError: 'list' object has no attribute 'strip',Object Attributes & Methods,95.0,Error Type: AttributeError; Bracket Indexing Operator `[]` detected in code; Dot Attribute Access `.` detected in code; 9 previous total errors recorded for student; Recurring error pattern detected (2 previous instances)
11,S_TEST,2026-09-13 18:54:59,val = 10 / 0,ZeroDivisionError,ZeroDivisionError: division by zero,Arithmetic Operations,99.0,Error Type: ZeroDivisionError; Division / Modulo Operator `/` `%` detected in code; 10 previous total errors recorded for student; Recurring error pattern detected (2 previous instances)
12,S_TEST,2026-09-13 18:54:59,open('a.txt'),FileNotFoundError,FileNotFoundError: [Errno 2] No such file or directory: 'a.txt',File Handling & Paths,100.0,Error Type: FileNotFoundError; Dot Attribute Access `.` detected in code; File I/O Operation detected in code; 11 previous total errors recorded for student; Recurring error pattern detected (3 previous instances)
13,S_TEST,2026-09-13 18:54:59,x = 1,SyntaxError,Unknown error,Syntax & Formatting Rules,54.223031135531144,Error Type: SyntaxError; 12 previous total errors recorded for student; Recurring error pattern detected (3 previous instances)
14,S_TEST,2026-09-13 18:54:59,,SyntaxError,SyntaxError: invalid syntax,Syntax & Formatting Rules,97.95059523809523,Error Type: SyntaxError; 13 previous total errors recorded for student; Recurring error pattern detected (3 previous instances)
15,S_TEST,2026-09-13 18:54:59,foo(),SyntaxError,CustomUnknownError: something bad happened,Syntax & Formatting Rules,46.22303113553114,Error Type: SyntaxError; 14 previous total errors recorded for student; Recurring error pattern detected (3 previous instances)
16,S_TEST,2026-09-13 18:58:02,x = 5 / 0,ZeroDivisionError,ZeroDivisionError: division by zero,Arithmetic Operations,95.0,Zero division operator
17,S_TEST,2026-09-13 18:58:02,"lst = [10]
print(lst[2])",IndexError,IndexError: list index out of range,List Indexing,100.0,Error Type: IndexError; Bracket Indexing Operator `[]` detected in code; 16 previous total errors recorded for student; Recurring error pattern detected (4 previous instances)
18,S_TEST,2026-09-13 18:58:02,"d = {}
print(d['user'])",KeyError,KeyError: 'user',Dictionary Lookup,93.5,Error Type: KeyError; Bracket Indexing Operator `[]` detected in code; Dictionary Literal `{}` detected in code; 17 previous total errors recorded for student; Recurring error pattern detected (4 previous instances)
19,S_TEST,2026-09-13 18:58:02,msg = 'val' + 5,TypeError,"TypeError: can only concatenate str (not ""int"") to str",Type Compatibility & Casting,93.45273109243696,Error Type: TypeError; 18 previous total errors recorded for student; Recurring error pattern detected (4 previous instances)
20,S_TEST,2026-09-13 18:58:02,print(x),NameError,NameError: name 'x' is not defined,Variable Scope & Naming,100.0,Error Type: NameError; 19 previous total errors recorded for student; Recurring error pattern detected (4 previous instances)
21,S_TEST,2026-09-13 18:58:03,num = int('abc'),ValueError,ValueError: invalid literal for int() with base 10: 'abc',Value & Argument Constraints,91.06224976004387,Error Type: ValueError; 20 previous total errors recorded for student; Recurring error pattern detected (4 previous instances)
22,S_TEST,2026-09-13 18:58:03,"if x == 5
 pass",SyntaxError,SyntaxError: invalid syntax,Syntax & Formatting Rules,97.95059523809523,Error Type: SyntaxError; 21 previous total errors recorded for student; Recurring error pattern detected (4 previous instances)
23,S_TEST,2026-09-13 18:58:03,"def foo():
pass",IndentationError,IndentationError: expected an indented block,Code Block Indentation,98.0,Error Type: IndentationError; 22 previous total errors recorded for student; Recurring error pattern detected (5 previous instances)
24,S_TEST,2026-09-13 18:58:03,"lst = []
lst.strip()",AttributeError,AttributeError: 'list' object has no attribute 'strip',Object Attributes & Methods,95.0,Error Type: AttributeError; Bracket Indexing Operator `[]` detected in code; Dot Attribute Access `.` detected in code; 23 previous total errors recorded for student; Recurring error pattern detected (5 previous instances)
25,S_TEST,2026-09-13 18:58:03,val = 10 / 0,ZeroDivisionError,ZeroDivisionError: division by zero,Arithmetic Operations,99.0,Error Type: ZeroDivisionError; Division / Modulo Operator `/` `%` detected in code; 24 previous total errors recorded for student; Recurring error pattern detected (5 previous instances)
26,S_TEST,2026-09-13 18:58:03,open('a.txt'),FileNotFoundError,FileNotFoundError: [Errno 2] No such file or directory: 'a.txt',File Handling & Paths,100.0,Error Type: FileNotFoundError; Dot Attribute Access `.` detected in code; File I/O Operation detected in code; 25 previous total errors recorded for student; Recurring error pattern detected (5 previous instances)
27,S_TEST,2026-09-13 18:58:03,x = 1,SyntaxError,Unknown error,Syntax & Formatting Rules,54.223031135531144,Error Type: SyntaxError; 26 previous total errors recorded for student; Recurring error pattern detected (5 previous instances)
28,S_TEST,2026-09-13 18:58:03,,SyntaxError,SyntaxError: invalid syntax,Syntax & Formatting Rules,97.95059523809523,Error Type: SyntaxError; 27 previous total errors recorded for student; Recurring error pattern detected (6 previous instances)
29,S_TEST,2026-09-13 18:58:03,foo(),SyntaxError,CustomUnknownError: something bad happened,Syntax & Formatting Rules,46.22303113553114,Error Type: SyntaxError; 28 previous total errors recorded for student; Recurring error pattern detected (7 previous instances)
30,S_TEST,2026-09-13 18:59:57,x = 5 / 0,ZeroDivisionError,ZeroDivisionError: division by zero,Arithmetic Operations,95.0,Zero division operator
31,S_TEST,2026-09-13 18:59:58,"lst = [10]
print(lst[2])",IndexError,IndexError: list index out of range,List Indexing,100.0,Error Type: IndexError; Bracket Indexing Operator `[]` detected in code; 30 previous total errors recorded for student; Recurring error pattern detected (8 previous instances)
32,S_TEST,2026-09-13 18:59:58,"d = {}
print(d['user'])",KeyError,KeyError: 'user',Dictionary Lookup,93.5,Error Type: KeyError; Bracket Indexing Operator `[]` detected in code; Dictionary Literal `{}` detected in code; 31 previous total errors recorded for student; Recurring error pattern detected (8 previous instances)
33,S_TEST,2026-09-13 18:59:58,msg = 'val' + 5,TypeError,"TypeError: can only concatenate str (not ""int"") to str",Type Compatibility & Casting,93.45273109243696,Error Type: TypeError; 32 previous total errors recorded for student; Recurring error pattern detected (8 previous instances)
34,S_TEST,2026-09-13 18:59:58,print(x),NameError,NameError: name 'x' is not defined,Variable Scope & Naming,100.0,Error Type: NameError; 33 previous total errors recorded for student; Recurring error pattern detected (8 previous instances)
35,S_TEST,2026-09-13 18:59:58,num = int('abc'),ValueError,ValueError: invalid literal for int() with base 10: 'abc',Value & Argument Constraints,91.06224976004387,Error Type: ValueError; 34 previous total errors recorded for student; Recurring error pattern detected (8 previous instances)
36,S_TEST,2026-09-13 18:59:58,"if x == 5
 pass",SyntaxError,SyntaxError: invalid syntax,Syntax & Formatting Rules,97.95059523809523,Error Type: SyntaxError; 35 previous total errors recorded for student; Recurring error pattern detected (8 previous instances)
37,S_TEST,2026-09-13 18:59:58,"def foo():
pass",IndentationError,IndentationError: expected an indented block,Code Block Indentation,98.0,Error Type: IndentationError; 36 previous total errors recorded for student; Recurring error pattern detected (9 previous instances)
38,S_TEST,2026-09-13 18:59:58,"lst = []
lst.strip()",AttributeError,AttributeError: 'list' object has no attribute 'strip',Object Attributes & Methods,95.0,Error Type: AttributeError; Bracket Indexing Operator `[]` detected in code; Dot Attribute Access `.` detected in code; 37 previous total errors recorded for student; Recurring error pattern detected (9 previous instances)
39,S_TEST,2026-09-13 18:59:58,val = 10 / 0,ZeroDivisionError,ZeroDivisionError: division by zero,Arithmetic Operations,99.0,Error Type: ZeroDivisionError; Division / Modulo Operator `/` `%` detected in code; 38 previous total errors recorded for student; Recurring error pattern detected (9 previous instances)
40,S_TEST,2026-09-13 18:59:58,open('a.txt'),FileNotFoundError,FileNotFoundError: [Errno 2] No such file or directory: 'a.txt',File Handling & Paths,100.0,Error Type: FileNotFoundError; Dot Attribute Access `.` detected in code; File I/O Operation detected in code; 39 previous total errors recorded for student; Recurring error pattern detected (9 previous instances)
41,S_TEST,2026-09-13 18:59:58,x = 1,SyntaxError,Unknown error,Syntax & Formatting Rules,54.223031135531144,Error Type: SyntaxError; 40 previous total errors recorded for student; Recurring error pattern detected (9 previous instances)
42,S_TEST,2026-09-13 18:59:58,,SyntaxError,SyntaxError: invalid syntax,Syntax & Formatting Rules,97.95059523809523,Error Type: SyntaxError; 41 previous total errors recorded for student; Recurring error pattern detected (10 previous instances)
43,S_TEST,2026-09-13 18:59:58,foo(),SyntaxError,CustomUnknownError: something bad happened,Syntax & Formatting Rules,46.22303113553114,Error Type: SyntaxError; 42 previous total errors recorded for student; Recurring error pattern detected (11 previous instances)
44,S_TEST,2026-09-27 12:45:37,x = 5 / 0,ZeroDivisionError,ZeroDivisionError: division by zero,Arithmetic Operations,95.0,Zero division operator
45,S_TEST,2026-09-27 12:45:38,"lst = [10]
print(lst[2])",IndexError,IndexError: list index out of range,List Indexing,100.0,Error Type: IndexError; Bracket Indexing Operator `[]` detected in code; 44 previous total errors recorded for student; Recurring error pattern detected (12 previous instances)
46,S_TEST,2026-09-27 12:45:38,"d = {}
print(d['user'])",KeyError,KeyError: 'user',Dictionary Lookup,93.5,Error Type: KeyError; Bracket Indexing Operator `[]` detected in code; Dictionary Literal `{}` detected in code; 45 previous total errors recorded for student; Recurring error pattern detected (12 previous instances)
47,S_TEST,2026-09-27 12:45:38,msg = 'val' + 5,TypeError,"TypeError: can only concatenate str (not ""int"") to str",Type Compatibility & Casting,93.45273109243696,Error Type: TypeError; 46 previous total errors recorded for student; Recurring error pattern detected (12 previous instances)
48,S_TEST,2026-09-27 12:45:38,print(x),NameError,NameError: name 'x' is not defined,Variable Scope & Naming,100.0,Error Type: NameError; 47 previous total errors recorded for student; Recurring error pattern detected (12 previous instances)
49,S_TEST,2026-09-27 12:45:38,num = int('abc'),ValueError,ValueError: invalid literal for int() with base 10: 'abc',Value & Argument Constraints,91.06224976004387,Error Type: ValueError; 48 previous total errors recorded for student; Recurring error pattern detected (12 previous instances)
50,S_TEST,2026-09-27 12:45:38,"if x == 5
 pass",SyntaxError,SyntaxError: invalid syntax,Syntax & Formatting Rules,97.95059523809523,Error Type: SyntaxError; 49 previous total errors recorded for student; Recurring error pattern detected (12 previous instances)
51,S_TEST,2026-09-27 12:45:38,"def foo():
pass",IndentationError,IndentationError: expected an indented block,Code Block Indentation,98.0,Error Type: IndentationError; 50 previous total errors recorded for student; Recurring error pattern detected (13 previous instances)
52,S_TEST,2026-09-27 12:45:38,"lst = []
lst.strip()",AttributeError,AttributeError: 'list' object has no attribute 'strip',Object Attributes & Methods,95.0,Error Type: AttributeError; Bracket Indexing Operator `[]` detected in code; Dot Attribute Access `.` detected in code; 51 previous total errors recorded for student; Recurring error pattern detected (13 previous instances)
53,S_TEST,2026-09-27 12:45:38,val = 10 / 0,ZeroDivisionError,ZeroDivisionError: division by zero,Arithmetic Operations,99.0,Error Type: ZeroDivisionError; Division / Modulo Operator `/` `%` detected in code; 52 previous total errors recorded for student; Recurring error pattern detected (13 previous instances)
54,S_TEST,2026-09-27 12:45:38,open('a.txt'),FileNotFoundError,FileNotFoundError: [Errno 2] No such file or directory: 'a.txt',File Handling & Paths,100.0,Error Type: FileNotFoundError; Dot Attribute Access `.` detected in code; File I/O Operation detected in code; 53 previous total errors recorded for student; Recurring error pattern detected (13 previous instances)
55,S_TEST,2026-09-27 12:45:38,x = 1,SyntaxError,Unknown error,Syntax & Formatting Rules,54.223031135531144,Error Type: SyntaxError; 54 previous total errors recorded for student; Recurring error pattern detected (13 previous instances)
56,S_TEST,2026-09-27 12:45:39,,SyntaxError,SyntaxError: invalid syntax,Syntax & Formatting Rules,97.95059523809523,Error Type: SyntaxError; 55 previous total errors recorded for student; Recurring error pattern detected (14 previous instances)
57,S_TEST,2026-09-27 12:45:39,foo(),SyntaxError,CustomUnknownError: something bad happened,Syntax & Formatting Rules,46.22303113553114,Error Type: SyntaxError; 56 previous total errors recorded for student; Recurring error pattern detected (15 previous instances)
58,s_test,2026-09-27 13:22:04,x = 5 / 0,ZeroDivisionError,ZeroDivisionError: division by zero,Arithmetic Operations,95.0,Zero division operator
59,s_test,2026-09-27 13:22:05,"lst = [10]
print(lst[2])",IndexError,IndexError: list index out of range,List Indexing,100.0,Error Type: IndexError; Bracket Indexing Operator `[]` detected in code; 1 previous total errors recorded for student
60,s_test,2026-09-27 13:22:05,"d = {}
print(d['user'])",KeyError,KeyError: 'user',Dictionary Lookup,93.5,Error Type: KeyError; Bracket Indexing Operator `[]` detected in code; Dictionary Literal `{}` detected in code; 2 previous total errors recorded for student
61,s_test,2026-09-27 13:22:05,msg = 'val' + 5,TypeError,"TypeError: can only concatenate str (not ""int"") to str",Type Compatibility & Casting,93.45273109243696,Error Type: TypeError; 3 previous total errors recorded for student
62,s_test,2026-09-27 13:22:05,print(x),NameError,NameError: name 'x' is not defined,Variable Scope & Naming,100.0,Error Type: NameError; 4 previous total errors recorded for student
63,s_test,2026-09-27 13:22:05,num = int('abc'),ValueError,ValueError: invalid literal for int() with base 10: 'abc',Value & Argument Constraints,91.06224976004387,Error Type: ValueError; 5 previous total errors recorded for student
64,s_test,2026-09-27 13:22:05,"if x == 5
 pass",SyntaxError,SyntaxError: invalid syntax,Syntax & Formatting Rules,97.95059523809523,Error Type: SyntaxError; 6 previous total errors recorded for student
65,s_test,2026-09-27 13:22:05,"def foo():
pass",IndentationError,IndentationError: expected an indented block,Code Block Indentation,98.0,Error Type: IndentationError; 7 previous total errors recorded for student
66,s_test,2026-09-27 13:22:05,"lst = []
lst.strip()",AttributeError,AttributeError: 'list' object has no attribute 'strip',Object Attributes & Methods,95.0,Error Type: AttributeError; Bracket Indexing Operator `[]` detected in code; Dot Attribute Access `.` detected in code; 8 previous total errors recorded for student
67,s_test,2026-09-27 13:22:05,val = 10 / 0,ZeroDivisionError,ZeroDivisionError: division by zero,Arithmetic Operations,99.0,Error Type: ZeroDivisionError; Division / Modulo Operator `/` `%` detected in code; 9 previous total errors recorded for student
68,s_test,2026-09-27 13:22:06,open('a.txt'),FileNotFoundError,FileNotFoundError: [Errno 2] No such file or directory: 'a.txt',File Handling & Paths,100.0,Error Type: FileNotFoundError; Dot Attribute Access `.` detected in code; File I/O Operation detected in code; 10 previous total errors recorded for student; Recurring error pattern detected (2 previous instances)
69,s_test,2026-09-27 13:22:06,x = 1,SyntaxError,Unknown error,Syntax & Formatting Rules,54.223031135531144,Error Type: SyntaxError; 11 previous total errors recorded for student; Recurring error pattern detected (2 previous instances)
70,s_test,2026-09-27 13:22:06,,SyntaxError,SyntaxError: invalid syntax,Syntax & Formatting Rules,97.95059523809523,Error Type: SyntaxError; 12 previous total errors recorded for student; Recurring error pattern detected (2 previous instances)
71,s_test,2026-09-27 13:22:06,foo(),SyntaxError,CustomUnknownError: something bad happened,Syntax & Formatting Rules,46.22303113553114,Error Type: SyntaxError; 13 previous total errors recorded for student; Recurring error pattern detected (3 previous instances)
72,s_test,2026-09-27 13:35:27,x = 5 / 0,ZeroDivisionError,ZeroDivisionError: division by zero,Arithmetic Operations,95.0,Zero division operator
73,s_test,2026-09-27 13:35:27,"lst = [10]
print(lst[2])",IndexError,IndexError: list index out of range,List Indexing,100.0,Error Type: IndexError; Bracket Indexing Operator `[]` detected in code; 15 previous total errors recorded for student; Recurring error pattern detected (4 previous instances)
74,s_test,2026-09-27 13:35:27,"d = {}
print(d['user'])",KeyError,KeyError: 'user',Dictionary Lookup,93.5,Error Type: KeyError; Bracket Indexing Operator `[]` detected in code; Dictionary Literal `{}` detected in code; 16 previous total errors recorded for student; Recurring error pattern detected (4 previous instances)
75,s_test,2026-09-27 13:35:27,msg = 'val' + 5,TypeError,"TypeError: can only concatenate str (not ""int"") to str",Type Compatibility & Casting,93.45273109243696,Error Type: TypeError; 17 previous total errors recorded for student; Recurring error pattern detected (4 previous instances)
76,s_test,2026-09-27 13:35:28,print(x),NameError,NameError: name 'x' is not defined,Variable Scope & Naming,100.0,Error Type: NameError; 18 previous total errors recorded for student; Recurring error pattern detected (4 previous instances)
77,s_test,2026-09-27 13:35:28,num = int('abc'),ValueError,ValueError: invalid literal for int() with base 10: 'abc',Value & Argument Constraints,91.06224976004387,Error Type: ValueError; 19 previous total errors recorded for student; Recurring error pattern detected (4 previous instances)
78,s_test,2026-09-27 13:35:28,"if x == 5
 pass",SyntaxError,SyntaxError: invalid syntax,Syntax & Formatting Rules,97.95059523809523,Error Type: SyntaxError; 20 previous total errors recorded for student; Recurring error pattern detected (4 previous instances)
79,s_test,2026-09-27 13:35:28,"def foo():
pass",IndentationError,IndentationError: expected an indented block,Code Block Indentation,98.0,Error Type: IndentationError; 21 previous total errors recorded for student; Recurring error pattern detected (5 previous instances)
80,s_test,2026-09-27 13:35:28,"lst = []
lst.strip()",AttributeError,AttributeError: 'list' object has no attribute 'strip',Object Attributes & Methods,95.0,Error Type: AttributeError; Bracket Indexing Operator `[]` detected in code; Dot Attribute Access `.` detected in code; 22 previous total errors recorded for student; Recurring error pattern detected (5 previous instances)
81,s_test,2026-09-27 13:35:28,val = 10 / 0,ZeroDivisionError,ZeroDivisionError: division by zero,Arithmetic Operations,99.0,Error Type: ZeroDivisionError; Division / Modulo Operator `/` `%` detected in code; 23 previous total errors recorded for student; Recurring error pattern detected (5 previous instances)
82,s_test,2026-09-27 13:35:28,open('a.txt'),FileNotFoundError,FileNotFoundError: [Errno 2] No such file or directory: 'a.txt',File Handling & Paths,100.0,Error Type: FileNotFoundError; Dot Attribute Access `.` detected in code; File I/O Operation detected in code; 24 previous total errors recorded for student; Recurring error pattern detected (5 previous instances)
83,s_test,2026-09-27 13:35:28,x = 1,SyntaxError,Unknown error,Syntax & Formatting Rules,54.223031135531144,Error Type: SyntaxError; 25 previous total errors recorded for student; Recurring error pattern detected (5 previous instances)
84,s_test,2026-09-27 13:35:28,,SyntaxError,SyntaxError: invalid syntax,Syntax & Formatting Rules,97.95059523809523,Error Type: SyntaxError; 26 previous total errors recorded for student; Recurring error pattern detected (6 previous instances)
85,s_test,2026-09-27 13:35:28,foo(),SyntaxError,CustomUnknownError: something bad happened,Syntax & Formatting Rules,46.22303113553114,Error Type: SyntaxError; 27 previous total errors recorded for student; Recurring error pattern detected (7 previous instances)
86,s_test,2026-09-27 13:53:42,x = 5 / 0,ZeroDivisionError,ZeroDivisionError: division by zero,Arithmetic Operations,95.0,Zero division operator
87,s_test,2026-09-27 13:53:42,"lst = [10]
print(lst[2])",IndexError,IndexError: list index out of range,List Indexing,100.0,Error Type: IndexError; Bracket Indexing Operator `[]` detected in code; 29 previous total errors recorded for student; Recurring error pattern detected (8 previous instances)
88,s_test,2026-09-27 13:53:42,"d = {}
print(d['user'])",KeyError,KeyError: 'user',Dictionary Lookup,93.5,Error Type: KeyError; Bracket Indexing Operator `[]` detected in code; Dictionary Literal `{}` detected in code; 30 previous total errors recorded for student; Recurring error pattern detected (8 previous instances)
89,s_test,2026-09-27 13:53:42,msg = 'val' + 5,TypeError,"TypeError: can only concatenate str (not ""int"") to str",Type Compatibility & Casting,93.45273109243696,Error Type: TypeError; 31 previous total errors recorded for student; Recurring error pattern detected (8 previous instances)
90,s_test,2026-09-27 13:53:42,print(x),NameError,NameError: name 'x' is not defined,Variable Scope & Naming,100.0,Error Type: NameError; 32 previous total errors recorded for student; Recurring error pattern detected (8 previous instances)
91,s_test,2026-09-27 13:53:42,num = int('abc'),ValueError,ValueError: invalid literal for int() with base 10: 'abc',Value & Argument Constraints,91.06224976004387,Error Type: ValueError; 33 previous total errors recorded for student; Recurring error pattern detected (8 previous instances)
92,s_test,2026-09-27 13:53:42,"if x == 5
 pass",SyntaxError,SyntaxError: invalid syntax,Syntax & Formatting Rules,97.95059523809523,Error Type: SyntaxError; 34 previous total errors recorded for student; Recurring error pattern detected (8 previous instances)
93,s_test,2026-09-27 13:53:43,"def foo():
pass",IndentationError,IndentationError: expected an indented block,Code Block Indentation,98.0,Error Type: IndentationError; 35 previous total errors recorded for student; Recurring error pattern detected (9 previous instances)
94,s_test,2026-09-27 13:53:43,"lst = []
lst.strip()",AttributeError,AttributeError: 'list' object has no attribute 'strip',Object Attributes & Methods,95.0,Error Type: AttributeError; Bracket Indexing Operator `[]` detected in code; Dot Attribute Access `.` detected in code; 36 previous total errors recorded for student; Recurring error pattern detected (9 previous instances)
95,s_test,2026-09-27 13:53:43,val = 10 / 0,ZeroDivisionError,ZeroDivisionError: division by zero,Arithmetic Operations,99.0,Error Type: ZeroDivisionError; Division / Modulo Operator `/` `%` detected in code; 37 previous total errors recorded for student; Recurring error pattern detected (9 previous instances)
96,s_test,2026-09-27 13:53:43,open('a.txt'),FileNotFoundError,FileNotFoundError: [Errno 2] No such file or directory: 'a.txt',File Handling & Paths,100.0,Error Type: FileNotFoundError; Dot Attribute Access `.` detected in code; File I/O Operation detected in code; 38 previous total errors recorded for student; Recurring error pattern detected (9 previous instances)
97,s_test,2026-09-27 13:53:43,x = 1,SyntaxError,Unknown error,Syntax & Formatting Rules,54.223031135531144,Error Type: SyntaxError; 39 previous total errors recorded for student; Recurring error pattern detected (9 previous instances)
98,s_test,2026-09-27 13:53:43,,SyntaxError,SyntaxError: invalid syntax,Syntax & Formatting Rules,97.95059523809523,Error Type: SyntaxError; 40 previous total errors recorded for student; Recurring error pattern detected (10 previous instances)
99,s_test,2026-09-27 13:53:43,foo(),SyntaxError,CustomUnknownError: something bad happened,Syntax & Formatting Rules,46.22303113553114,Error Type: SyntaxError; 41 previous total errors recorded for student; Recurring error pattern detected (11 previous instances)
100,s_test,2026-09-27 16:51:54,x = 5 / 0,ZeroDivisionError,ZeroDivisionError: division by zero,Arithmetic Operations,95.0,Zero division operator
101,s_test,2026-09-27 16:51:54,"lst = [10]
print(lst[2])",IndexError,IndexError: list index out of range,List Indexing,100.0,Error Type: IndexError; Bracket Indexing Operator `[]` detected in code; 43 previous total errors recorded for student; Recurring error pattern detected (12 previous instances)
102,s_test,2026-09-27 16:51:54,"d = {}
print(d['user'])",KeyError,KeyError: 'user',Dictionary Lookup,93.5,Error Type: KeyError; Bracket Indexing Operator `[]` detected in code; Dictionary Literal `{}` detected in code; 44 previous total errors recorded for student; Recurring error pattern detected (12 previous instances)
103,s_test,2026-09-27 16:51:54,msg = 'val' + 5,TypeError,"TypeError: can only concatenate str (not ""int"") to str",Type Compatibility & Casting,93.45273109243696,Error Type: TypeError; 45 previous total errors recorded for student; Recurring error pattern detected (12 previous instances)
104,s_test,2026-09-27 16:51:54,print(x),NameError,NameError: name 'x' is not defined,Variable Scope & Naming,100.0,Error Type: NameError; 46 previous total errors recorded for student; Recurring error pattern detected (12 previous instances)
105,s_test,2026-09-27 16:51:54,num = int('abc'),ValueError,ValueError: invalid literal for int() with base 10: 'abc',Value & Argument Constraints,91.06224976004387,Error Type: ValueError; 47 previous total errors recorded for student; Recurring error pattern detected (12 previous instances)
106,s_test,2026-09-27 16:51:55,"if x == 5
 pass",SyntaxError,SyntaxError: invalid syntax,Syntax & Formatting Rules,97.95059523809523,Error Type: SyntaxError; 48 previous total errors recorded for student; Recurring error pattern detected (12 previous instances)
107,s_test,2026-09-27 16:51:55,"def foo():
pass",IndentationError,IndentationError: expected an indented block,Code Block Indentation,98.0,Error Type: IndentationError; 49 previous total errors recorded for student; Recurring error pattern detected (13 previous instances)
108,s_test,2026-09-27 16:51:55,"lst = []
lst.strip()",AttributeError,AttributeError: 'list' object has no attribute 'strip',Object Attributes & Methods,95.0,Error Type: AttributeError; Bracket Indexing Operator `[]` detected in code; Dot Attribute Access `.` detected in code; 50 previous total errors recorded for student; Recurring error pattern detected (13 previous instances)
109,s_test,2026-09-27 16:51:55,val = 10 / 0,ZeroDivisionError,ZeroDivisionError: division by zero,Arithmetic Operations,99.0,Error Type: ZeroDivisionError; Division / Modulo Operator `/` `%` detected in code; 51 previous total errors recorded for student; Recurring error pattern detected (13 previous instances)
110,s_test,2026-09-27 16:51:55,open('a.txt'),FileNotFoundError,FileNotFoundError: [Errno 2] No such file or directory: 'a.txt',File Handling & Paths,100.0,Error Type: FileNotFoundError; Dot Attribute Access `.` detected in code; File I/O Operation detected in code; 52 previous total errors recorded for student; Recurring error pattern detected (13 previous instances)
111,s_test,2026-09-27 16:51:55,x = 1,SyntaxError,Unknown error,Syntax & Formatting Rules,54.223031135531144,Error Type: SyntaxError; 53 previous total errors recorded for student; Recurring error pattern detected (13 previous instances)
112,s_test,2026-09-27 16:51:55,,SyntaxError,SyntaxError: invalid syntax,Syntax & Formatting Rules,97.95059523809523,Error Type: SyntaxError; 54 previous total errors recorded for student; Recurring error pattern detected (14 previous instances)
113,s_test,2026-09-27 16:51:55,foo(),SyntaxError,CustomUnknownError: something bad happened,Syntax & Formatting Rules,46.22303113553114,Error Type: SyntaxError; 55 previous total errors recorded for student; Recurring error pattern detected (15 previous instances)
114,s_test,2026-09-27 17:19:32,x = 5 / 0,ZeroDivisionError,ZeroDivisionError: division by zero,Arithmetic Operations,95.0,Zero division operator
115,s_test,2026-09-27 17:19:32,"lst = [10]
print(lst[2])",IndexError,IndexError: list index out of range,List Indexing,100.0,Error Type: IndexError; Bracket Indexing Operator `[]` detected in code; 57 previous total errors recorded for student; Recurring error pattern detected (16 previous instances)
116,s_test,2026-09-27 17:19:32,"d = {}
print(d['user'])",KeyError,KeyError: 'user',Dictionary Lookup,93.5,Error Type: KeyError; Bracket Indexing Operator `[]` detected in code; Dictionary Literal `{}` detected in code; 58 previous total errors recorded for student; Recurring error pattern detected (16 previous instances)
117,s_test,2026-09-27 17:19:33,msg = 'val' + 5,TypeError,"TypeError: can only concatenate str (not ""int"") to str",Type Compatibility & Casting,93.45273109243696,Error Type: TypeError; 59 previous total errors recorded for student; Recurring error pattern detected (16 previous instances)
118,s_test,2026-09-27 17:19:33,print(x),NameError,NameError: name 'x' is not defined,Variable Scope & Naming,100.0,Error Type: NameError; 60 previous total errors recorded for student; Recurring error pattern detected (16 previous instances)
119,s_test,2026-09-27 17:19:33,num = int('abc'),ValueError,ValueError: invalid literal for int() with base 10: 'abc',Value & Argument Constraints,91.06224976004387,Error Type: ValueError; 61 previous total errors recorded for student; Recurring error pattern detected (16 previous instances)
120,s_test,2026-09-27 17:19:33,"if x == 5
 pass",SyntaxError,SyntaxError: invalid syntax,Syntax & Formatting Rules,97.95059523809523,Error Type: SyntaxError; 62 previous total errors recorded for student; Recurring error pattern detected (16 previous instances)
121,s_test,2026-09-27 17:19:33,"def foo():
pass",IndentationError,IndentationError: expected an indented block,Code Block Indentation,98.0,Error Type: IndentationError; 63 previous total errors recorded for student; Recurring error pattern detected (17 previous instances)
122,s_test,2026-09-27 17:19:33,"lst = []
lst.strip()",AttributeError,AttributeError: 'list' object has no attribute 'strip',Object Attributes & Methods,95.0,Error Type: AttributeError; Bracket Indexing Operator `[]` detected in code; Dot Attribute Access `.` detected in code; 64 previous total errors recorded for student; Recurring error pattern detected (17 previous instances)
123,s_test,2026-09-27 17:19:34,val = 10 / 0,ZeroDivisionError,ZeroDivisionError: division by zero,Arithmetic Operations,99.0,Error Type: ZeroDivisionError; Division / Modulo Operator `/` `%` detected in code; 65 previous total errors recorded for student; Recurring error pattern detected (17 previous instances)
124,s_test,2026-09-27 17:19:34,open('a.txt'),FileNotFoundError,FileNotFoundError: [Errno 2] No such file or directory: 'a.txt',File Handling & Paths,100.0,Error Type: FileNotFoundError; Dot Attribute Access `.` detected in code; File I/O Operation detected in code; 66 previous total errors recorded for student; Recurring error pattern detected (17 previous instances)
125,s_test,2026-09-27 17:19:34,x = 1,SyntaxError,Unknown error,Syntax & Formatting Rules,54.223031135531144,Error Type: SyntaxError; 67 previous total errors recorded for student; Recurring error pattern detected (17 previous instances)
126,s_test,2026-09-27 17:19:34,,SyntaxError,SyntaxError: invalid syntax,Syntax & Formatting Rules,97.95059523809523,Error Type: SyntaxError; 68 previous total errors recorded for student; Recurring error pattern detected (18 previous instances)
127,s_test,2026-09-27 17:19:34,foo(),SyntaxError,CustomUnknownError: something bad happened,Syntax & Formatting Rules,46.22303113553114,Error Type: SyntaxError; 69 previous total errors recorded for student; Recurring error pattern detected (19 previous instances)
128,s_test,2026-09-27 18:13:26,x = 5 / 0,ZeroDivisionError,ZeroDivisionError: division by zero,Arithmetic Operations,95.0,Zero division operator
129,s_test,2026-09-27 18:13:26,"lst = [10]
print(lst[2])",IndexError,IndexError: list index out of range,List Indexing,100.0,Error Type: IndexError; Bracket Indexing Operator `[]` detected in code; 71 previous total errors recorded for student; Recurring error pattern detected (20 previous instances)
130,s_test,2026-09-27 18:13:26,"d = {}
print(d['user'])",KeyError,KeyError: 'user',Dictionary Lookup,93.5,Error Type: KeyError; Bracket Indexing Operator `[]` detected in code; Dictionary Literal `{}` detected in code; 72 previous total errors recorded for student; Recurring error pattern detected (20 previous instances)
131,s_test,2026-09-27 18:13:26,msg = 'val' + 5,TypeError,"TypeError: can only concatenate str (not ""int"") to str",Type Compatibility & Casting,93.45273109243696,Error Type: TypeError; 73 previous total errors recorded for student; Recurring error pattern detected (20 previous instances)
132,s_test,2026-09-27 18:13:26,print(x),NameError,NameError: name 'x' is not defined,Variable Scope & Naming,100.0,Error Type: NameError; 74 previous total errors recorded for student; Recurring error pattern detected (20 previous instances)
133,s_test,2026-09-27 18:13:26,num = int('abc'),ValueError,ValueError: invalid literal for int() with base 10: 'abc',Value & Argument Constraints,91.06224976004387,Error Type: ValueError; 75 previous total errors recorded for student; Recurring error pattern detected (20 previous instances)
134,s_test,2026-09-27 18:13:26,"if x == 5
 pass",SyntaxError,SyntaxError: invalid syntax,Syntax & Formatting Rules,97.95059523809523,Error Type: SyntaxError; 76 previous total errors recorded for student; Recurring error pattern detected (20 previous instances)
135,s_test,2026-09-27 18:13:27,"def foo():
pass",IndentationError,IndentationError: expected an indented block,Code Block Indentation,98.0,Error Type: IndentationError; 77 previous total errors recorded for student; Recurring error pattern detected (21 previous instances)
136,s_test,2026-09-27 18:13:27,"lst = []
lst.strip()",AttributeError,AttributeError: 'list' object has no attribute 'strip',Object Attributes & Methods,95.0,Error Type: AttributeError; Bracket Indexing Operator `[]` detected in code; Dot Attribute Access `.` detected in code; 78 previous total errors recorded for student; Recurring error pattern detected (21 previous instances)
137,s_test,2026-09-27 18:13:27,val = 10 / 0,ZeroDivisionError,ZeroDivisionError: division by zero,Arithmetic Operations,99.0,Error Type: ZeroDivisionError; Division / Modulo Operator `/` `%` detected in code; 79 previous total errors recorded for student; Recurring error pattern detected (21 previous instances)
138,s_test,2026-09-27 18:13:27,open('a.txt'),FileNotFoundError,FileNotFoundError: [Errno 2] No such file or directory: 'a.txt',File Handling & Paths,100.0,Error Type: FileNotFoundError; Dot Attribute Access `.` detected in code; File I/O Operation detected in code; 80 previous total errors recorded for student; Recurring error pattern detected (21 previous instances)
139,s_test,2026-09-27 18:13:27,x = 1,SyntaxError,Unknown error,Syntax & Formatting Rules,54.223031135531144,Error Type: SyntaxError; 81 previous total errors recorded for student; Recurring error pattern detected (21 previous instances)
140,s_test,2026-09-27 18:13:27,,SyntaxError,SyntaxError: invalid syntax,Syntax & Formatting Rules,97.95059523809523,Error Type: SyntaxError; 82 previous total errors recorded for student; Recurring error pattern detected (22 previous instances)
141,s_test,2026-09-27 18:13:27,foo(),SyntaxError,CustomUnknownError: something bad happened,Syntax & Formatting Rules,46.22303113553114,Error Type: SyntaxError; 83 previous total errors recorded for student; Recurring error pattern detected (23 previous instances)
